Title,Channel,Date,Description,Length,Views,Likes,Comments
Alcoholics Anonymous vs Other Treatments,Healthcare Triage,2021-08-13T23:02:12Z,"Alcoholics Anonymous has long been a treatment for alcoholism, and many, many addiction experts and people in recovery swear by the 12 step process. But what does the research show? How does AA stack up against other treatments for alcohol abuse disorder. There have been several high quality studies in recent years, and in this video Aaron will explain what they mean.

Related HCT episodes:
Alzheimer's, Adulhelm, and the FDA: https://youtu.be/URiB0lbdFwU

Be sure to check out our podcast! 
https://www.youtube.com/playlist?list=PLkfBg8ML-gInFaYyYhKLBp2u7h5IojTw4

Other Healthcare Triage Links:
1. Support the channel on Patreon: http://vid.io/xqXr 
2. Check out our Facebook page: http://goo.gl/LnOq5z
3. We still have merchandise available at http://www.hctmerch.com
4. Aaron's book ""The Bad Food Bible: How and Why to Eat Sinfully"" is available wherever books are sold, such as Amazon: http://amzn.to/2hGvhKw
 
Credits:
Aaron Carroll -- Writer
Meredith Danko ‚Äì Social Media
Tiffany Doherty -- Writer and Script Editor
John Green -- Executive Producer
Stan Muller -- Director, Producer
Mark Olsen ‚Äì Art Director, Producer

#healthcaretriage #alcohol #alcoholicsanonymous",PT4M57S,22874,1289,359
Alcoholics Anonymous and the Deflation of the Ego by Dr. Bob Weathers,CalSouthern PSYCHOLOGY,2013-04-12T18:28:25Z,"Integrates the presenter's personal visit to an Alcoholics Anonymous meeting with the core philosophy of treatment within the 12-step program; namely, that the underlying source of all addictive behaviors is identification with the personal ego.  Hence, treatment is focused toward dismantling the previous identification; upon which the goal of remission of addictive behaviors follows quite organically.

A highly regarded educator and university administrator, as well as recovery coach, author, and public speaker, Dr. Bob Weathers holds a Ph.D. in clinical psychology, with an M.A. in religious studies. Over the course of his professional career, ‚ÄúDr. Bob‚Äù has provided tens of thousands of hours of therapeutic counseling and recovery coaching to satisfied clients. He has also committed the past 35 years to teaching, training, and inspiring graduate-level mental health providers at several southern California universities, most recently at California Southern University. 

Dr. Bob is currently academic effectiveness coordinator at CalSouthern, engaged full-time in ongoing initiatives for improving the educational experience of our learners, including his chairing the brand-new Student Advisory Council. Additionally, Dr. Bob has published numerous articles in a broad cross-section of respected professional reference books, journals, and edited volumes. To learn more about the speaker, visit: http://www.drbobweathers.com

For more information on the School of Behavioral Sciences at California Southern University, please visit: http://www.calsouthern.edu/psychology",PT5M34S,24709,224,200
Understanding Alcoholics Anonymous (AA) and 12 Step Programs for Recovery,Counselor Carl,2020-06-30T18:11:30Z,"Counselor Carl (http://serenityonlinetherapy.com) explains what Alcoholics Anonymous and 12 Step programs are and how they came to be. He describes what happens in a meeting, what the rules are, and what the different kinds of meetings are. He also explains why the program is ‚Äúspiritual‚Äù but not ‚Äúreligious,‚Äù which is a confusing distinction for many people. Counselor Carl's straight-forward teaching style makes complex concepts easy to understand. Counselor Carl is a licensed, professional counselor with 23 years of clinical experience both online and face-to-face.",PT6M58S,23416,609,65
Jordan Peterson on Alcoholics Anonymous,Theo Von Clips,2021-03-30T19:54:49Z,"https://bit.ly/theovonclips

Excerpt from Dr. Jordan Peterson | TPW w/ @Theo Von 328
Full Episode: https://youtu.be/NSjEqM7USgA

Find Theo Von:
Website: https://theovon.com 
Instagram: https://instagram.com/theovon
Facebook: https://facebook.com/theovon
Facebook Group: https://facebook.com/groups/thispastweekend 
Twitter: https://twitter.com/theovon
Patreon: https://patreon.com/theovon 
YouTube: https://youtube.com/theovon

#TheoVonClips",PT4M55S,246312,5705,1552
Alcoholics Anonymous Big Book Audio Read Aloud,Tyrell Merritt,2018-02-26T21:50:29Z,,PT5H44M28S,420672,5187,879
Why Does Alcoholics Anonymous Work?,Healthcare Triage,2016-08-15T22:03:18Z,"Do Alcoholics Anonymous participants do better at abstinence than nonparticipants because they are more motivated? Or is it because of something inherent in the A.A. program?

How researchers answered these questions in a recent study offers insight into challenges of evidence-based medicine and evidence-informed policy. That's the topic of this week's Healthcare Triage.

This episode was adapted from one of Austin Frakt's Upshot columns. Links to references and further reading can be found there: http://www.nytimes.com/2015/04/07/upshot/alcoholics-anonymous-and-the-challenge-of-evidence-based-medicine.html
John Green -- Executive Producer
Stan Muller -- Director, Producer
Aaron Carroll -- Writer
Mark Olsen -- Graphics

http://www.twitter.com/aaronecarroll
http://www.twitter.com/crashcoursestan
http://www.twitter.com/johngreen
http://www.twitter.com/olsenvideo

And the housekeeping:

1) You can support Healthcare Triage on Patreon: http://vid.io/xqXr Every little bit helps make the show better!
2) Check out our Facebook page: http://goo.gl/LnOq5z
3) We still have merchandise available at http://www.hctmerch.com",PT5M28S,55368,894,400
"Brad Pitt On Alcoholics Anonymous, Staying Sober",ET Canada,2019-09-04T19:55:37Z,"After Brad Pitt opened up about his sobriety and Alcoholics Anonymous meetings, Sangita Patel and Morgan Hoffman react on ‚ÄúET Canada Live‚Äù.

SUBSCRIBE to our channel:

https://www.youtube.com/user/ETCanadaOfficial

FOLLOW us here:

http://www.etcanada.com

Facebook: https://www.facebook.com/etcanada

Twitter: http://www.twitter.com/etcanada

Instagram: http://www.instagram.com/etcanada

#BradPitt #AngelinaJolie",PT3M22S,239779,1489,529
Your First AA Meeting - What to Expect When Going to Alcoholics Anonymous For The First Time,David M Recovery,2021-03-13T01:43:04Z,"Watch Next : The 12 Step Program of Alcoholics Anonymous - https://youtu.be/fwk2awT-iN8

What to expect at your first AA meeting.
As a newcomer to Alcoholics Anonymous or any other 12 step fellowship group, it can be very stressful to attend your first meeting.
In this video, I try to simplify what an AA meeting is all about, to help you understand it a bit better, and so you know what you're getting into.

Click this link if you'd like to try online therapy: https://www.online-therapy.com/?ref=204085
If you purchase services, I may get a commission. In my opinion, I still think AA is the best option. But if therapy is what helps you, all the power to it. 

#alcoholicsanonymous #aameeting
I am not a: medical professional, therapist, counselor.
Do not replace advice from your doctor, therapist, counselor, etc. with my suggestions.",PT6M21S,59437,831,247
"Alcoholics Anonymous: The Truth About AA Meetings, The 12 Steps, The Big Book, Sponsors",David M Recovery,2021-06-28T14:30:10Z,"#alcoholicsanonymous #aameeting
Alcoholics Anonymous used to have a 75% success rate for newcomers staying sober for 1 year. 
The success rate today is about 5%
What happened?
Is Alcoholics Anonymous still a good recovery method today?
Are AA meetings and the 12 Steps still relevant?

0:00 Intro
2:00 The First 100
4:10 The Problem
6:13 Modern Meetings
7:40 We Do Recover
9:22 Conclusion

Click this link if you'd like to try online therapy: https://www.online-therapy.com/?ref=204085
If you purchase services, I may get a commission. In my opinion, I still think AA is the best option. But if therapy is what helps you, all the power to it. 

This video is under Fair Use:
Copyright Disclaimer Under Section 107 of the Copyright Act in 1976; Allowance is made for ""Fair Use"" for purposes such as criticism, comment, news reporting, teaching, scholarship, and research.
Fair use is a use permitted by copyright statute that might otherwise be infringing. Non-profit, educational or personal use tips the balance in favor of fair use.

All rights and credit go directly to its rightful owners. No copyright infringement intended.",PT10M18S,29168,1111,362
Interview :Hafiz Muhammad (Alcoholics Anonymous) Campaign against alcoholism,asianetnews,2013-09-26T07:19:42Z,Campaign against alcoholism : Asianet News Kudiyalla Jeevitham campaign,PT20M44S,5026,83,1
"Bob D. - AA Speakers - ""Surrender""",Odomtology 12-Step Recovery Media,2013-04-03T21:37:11Z,"Bob D. does it again and absolutely knocks it out of the park! This is a wonderful tape for newcomers.  He explains, in his typical down-to-earth style the nature of ""surrender"" (a word that gets thrown around in meetings all the time).  GREAT talk from one of the best AA speakers ever!

Addiction treatment WORKS! The Twelve Step Model has been utilized as a treatment for alcohol abuse and alcoholism since 1935. It is extremely important to know that help IS out there and addiction recovery is possible.  If you are battling alcoholism, drug addiction, addiction or any other form of addictive behavior, there are people who know EXACTLY what it is like!

You can find out more at: http://www.aa.org - Alcoholics Anonymous Official Site - As should be blatantly obvious, we are in no way affiliated with them or any other Twelve Step Program.  We are just looking to provide hope to those suffering from alcoholism or addiction.

It is important to note there are several ways for one to address his or her alcohol abuse treatment. Substance abuse is a very serious condition and has become an epidemic in today's world.  Many people suffering with substance abuse need treatment, such as inpatient stays, rehab, or counseling.  The importance and purpose of this video, and all our other videos, is to show that recovery IS possible and to give hope to those who are struggling with alcohol and drug addiction issues.  Help IS out there!

From the book Alcoholics Anonymous: ""In spite of the great increase in the size and span of this Fellowship, at its core it remains simple and personal. Each day, somewhere in the world, recovery begins when one alcoholic talks with another alcoholic, sharing experience, strength, and hope.""

Every tape is carefully selected to ensure its quality and that it is entertaining to listen to. You can trust Odomtology 12-Step Recovery Media to be synonymous with the best online recovery material out there. QUALITY is our mission. That is why we have the large and engaged following that we do. Have fun and enjoy listening to the amazing, wonderful, and powerful recovery speakers!

Follow us on social media at:

Twitter- http://www.twitter.com/odomtology
Facebook- http://www.facebook.com/odomtology
Pinterest- http://www.pinterest.com/odomtology

Namaste, friends and blessings to all! :)

Channel Home- http://www.youtube.com/odomtologybooks",PT58M4S,881649,7898,486
"AA Speakers - ""Staying Strong Through the Pain in Sobriety""",Odomtology 12-Step Recovery Media,2014-01-06T19:57:44Z,"Great talks by a panel on the topic of how to get through the tough times in recovery.  TONS of insight, experience, strength, and hope in this tape.  Awesome shares! 

From the book Alcoholics Anonymous: ""In spite of the great increase in the size and span of this Fellowship, at its core it remains simple and personal. Each day, somewhere in the world, recovery begins when one alcoholic talks with another alcoholic, sharing experience, strength, and hope.""

What is the Twelve Step Model? How is it a ""treatment for alcoholism"" or ""alcohol abuse?""

From Wikipedia: ""A twelve-step program is a set of guiding principles (accepted by members as 'spiritual principles,' based on the approved literature) outlining a course of action for recovery from addiction, compulsion, or other behavioral problems. Originally proposed by Alcoholics Anonymous (AA) as a method of recovery from alcoholism, the Twelve Steps were first published in the book Alcoholics Anonymous: The Story of How More Than One Hundred Men Have Recovered from Alcoholism in 1939. The method was then adapted and became the foundation of other twelve-step programs. Twelve-step methods have been adopted to address a wide range of substance-abuse and dependency problems.""

You can find out more at: http://www.aa.org - Alcoholics Anonymous Official Site (And as should be blatantly obvious, we are in no way affiliated with them or any other 12 step program.  We are just looking to provide hope to those suffering from alcoholism or addiction.)

""Addiction treatment"" WORKS! There is addiction help out there and ""addiction recovery"" is possible.  If you are battling ""alcohol addiction"" there are people who know EXACTLY what it is like!  

It is important to note there are several ways for one to address his or her ""alcohol abuse treatment.""  ""Substance abuse"" is a very serious condition.  Many need inpatient stays or counseling.  The importance and purpose of this video, and all our other videos, is to show that recovery IS possible and to give hope to those who are struggling with substance abuse issues.  Help IS out there! :)

From the Big Book of Alcoholics Anonymous: ""Abandon yourself to God as you understand God. Admit your faults to Him and to your fellows. Clear away the wreckage of your past. Give freely of what you find and join us. We shall be with you in the Fellowship of the Spirit, and you will surely meet some of us as you trudge the Road of Happy Destiny.""

Follow us on social media at:

Twitter- http://www.twitter.com/odomtology
Facebook- http://www.facebook.com/odomtology
Pinterest- http://www.pinterest.com/odomtology

Please share with anyone, anywhere at anytime! We listen to every speaker tape ourselves and can guarantee that it is QUALITY recovery material! :)

Namaste, friends :)

Channel Home- http://www.youtube.com/odomtologybooks",PT1H16M43S,136526,1277,62
"Bob D. ""What Are We Doing Here In Alcoholics Anonymous?"" - AA Speaker",Odomtology 12-Step Recovery Media,2013-10-07T20:06:01Z,"One of the best AA speakers, Bob D., shares on the topic of ""what are we doing here and why do we go to AA?""  I absolutely love this tape because it is an entertaining and enlightening summation of the Program and Fellowship of AA.  As with every Bob D. speaker meeting, he completely knocks it out of the park again! :)

Addiction treatment WORKS! The Twelve Step Model has been utilized as a treatment for alcohol abuse and alcoholism since 1935. It is extremely important to know that help IS out there and addiction recovery is possible.  If you are battling alcoholism, drug addiction, addiction or any other form of addictive behavior, there are people who know EXACTLY what it is like!

You can find out more at: http://www.aa.org - Alcoholics Anonymous Official Site - As should be blatantly obvious, we are in no way affiliated with them or any other Twelve Step Program.  We are just looking to provide hope to those suffering from alcoholism or addiction.

It is important to note there are several ways for one to address his or her alcohol abuse treatment. Substance abuse is a very serious condition and has become an epidemic in today's world.  Many people suffering with substance abuse need treatment, such as inpatient stays, rehab, or counseling.  The importance and purpose of this video, and all our other videos, is to show that recovery IS possible and to give hope to those who are struggling with alcohol and drug addiction issues.  Help IS out there!

Every tape is carefully selected to ensure its quality and that it is entertaining to listen to. You can trust Odomtology 12-Step Recovery Media to be synonymous with the best online recovery material out there. QUALITY is our mission. This is why we have such a large and engaged following. Have fun and enjoy listening to the amazing, wonderful, and powerful recovery speakers!

Follow us on social media at:

Twitter- http://www.twitter.com/odomtology
Facebook- http://www.facebook.com/odomtology
Pinterest- http://www.pinterest.com/odomtology

Namaste, friends and blessings to all! :)

Channel Home- http://www.youtube.com/odomtologybooks",PT51M39S,96457,640,28
Seven Myths about Alcoholics Anonymous,TherapyAppointment,2020-08-18T22:17:45Z,"Thinking of referring a client with substance abuse issues to AA? Here is some basic information about AA and the referral process...including seven things you may ""know"" about AA that are not true.",PT15M21S,281,2,0
The Story of Alcoholics Anonymous: Origins and Influence,"The Center at Belvedere - Charlottesville, VA",2020-08-21T16:12:22Z,"Tolly Merrick has been a humanities teacher since 1994, working with high school and middle school students in New Mexico, California, and Virginia. He currently teaches US History and US Government at the Peabody School in Charlottesville. Prior to his career in education, Mr. Merrick obtained a master‚Äôs degree in Counseling Psychology, and served as a substance abuse counselor in his home state of Maryland. He is excited to merge these two areas of history and alcoholism treatment, and present on the origins and history of Alcoholics Anonymous.

To learn more about The Center, visit www.thecentercville.org

Presentations are provided for educational use only and do not replace the judgement of individuals or independent professionals. Statements of fact and opinions expressed are those of the participants individually and, unless expressly stated to the contrary, are not the opinion or position of The Center or its sponsors. With the exception of self-produced content, The Center does not endorse, and assumes no responsibility for, the content, accuracy, or completeness of the information presented. Attendees should note that sessions are recorded and may be published in various media.",PT1H2M28S,6423,81,13
Investigative Reports: Inside Alcoholics Anonymous,HistoryBiography,2021-06-22T00:50:43Z,,PT46M2S,7676,66,21
Alcoholics Anonymous,Real Reviews,2012-07-03T10:54:36Z,"The General Service Office (GSO) of Alcoholics Anonymous (AA) India, which operates from a tiny municipal school in Byculla, was bursting at its seams as nearly 100 AA members and volunteers attended to a torrent of calls after a national TV show flashed AA's helpline numbers and website details, on Sunday, July 1, 2012.

In its ninth episode which first aired at 11am, Satyamev Jayate focused on alcoholism and featured interviews with experts and recovering alcoholics, including AA member Laxman. As the show's producer and host Aamir Khan announced the number on air, AA offices across the country braced themselves.

Gajanan, Rotated trustee of AA India who was at the AA office in Mumbai, said, ""The number was first flashed on the show at 11.37am and at 11.40am we received the first call.Within 20 minutes, the AA website had crashed. At 12.30am, all telephone lines were jammed and missed calls started piling up. Within the next hour, we received 8,600 missed calls."" By 4pm, AA centers across India had received 13,000 calls which jumped up to 28,000 by 7 in the evening after the show aired. At the time of going to print, More than 31,000 calls were recorded.

Alcoholics Anonymous is a fellowship of recovering alcoholics who follow the universally accepted 12 Step program for recovery from addiction. Mr. Gnyaneshwar, general manager, AA India, said, ""After a lot of groundwork, the show's research team came to the conclusion that AA programme is a reliable recovery source for alcoholism that is available pan-India and completely free of cost.""

To read more, visit http://www.dnaindia.com/mumbai/report_satyamev-jayate-gets-aa-drunk-on-its-own-success_1709259",PT9M47S,29283,134,22
AA Speaker Meeting ‚Äî My First 6 Years Staying Sober in Alcoholics Anonymous!,Jerry Banfield,2020-03-06T16:00:01Z,"You will find the story of my first six years staying sober in Alcoholics Anonymous helpful for your journey in sobriety during my real AA open speaker meeting video here!  See all my other AA videos at https://www.youtube.com/playlist?list=PLwjXVhbTO15O65nlA3EPefcznEizIAXTE

SUBSCRIBE AND TURN ALL NOTIFICATIONS ON TO SEE NEW VIDEOS!
https://www.youtube.com/JerryBanfield?sub_confirmation=1

WATCH THESE VIDEOS NEXT!

My Life Story in 1 Minute!
https://youtu.be/9BO3D5DTgck

Best Gaming Moments!
https://www.youtube.com/playlist?list=PLwjXVhbTO15PoBw2Mlk0Qv2SupqjRpff1

How to Live Stream Like Jerry Banfield in 2020!
https://www.youtube.com/playlist?list=PLwjXVhbTO15O86xo5RQPhgoaGTdM3pnqd

Learn Facebook Gaming in 2020 with Jerry Banfield!
https://www.youtube.com/playlist?list=PLwjXVhbTO15Ma7VqrQfXrjZQ9X5vUcCTV

My Favorite Videos!
https://www.youtube.com/playlist?list=PLwjXVhbTO15MfVeB3EtbFWVdaxIST-CIT

Call of Duty Warzone Wins!
https://www.youtube.com/playlist?list=PLwjXVhbTO15Pv9n0jXyGIjztC3hRynhRL

My Daily Inspiration Playlist!
https://www.youtube.com/playlist?list=PLwjXVhbTO15PjQxGVNF2ZJozCn_iFuEaj

My Journey Offline and Back Online!
https://www.youtube.com/playlist?list=PLwjXVhbTO15MhsbgfMCfvzN47i5ARgG8k

The Jerry Banfield Show Live In Person Events in St Pete, FL!
https://www.youtube.com/playlist?list=PLwjXVhbTO15O8zBSoHFmN_DcsdWzfuwVH

Alcoholics Anonymous for Beginners with Jerry Banfield
https://www.youtube.com/playlist?list=PLwjXVhbTO15O65nlA3EPefcznEizIAXTE

Love and Relationships Playlist!
https://www.youtube.com/playlist?list=PLAEFABFBD121D1EB7

$656K Debt to Financial Freedom!
https://www.youtube.com/playlist?list=PLwjXVhbTO15OBaPS0uV4Hf3U5tgN2O7iR

Zapier Automation Tutorials!
https://www.youtube.com/playlist?list=PLwjXVhbTO15Nob8_fBUDQw4UD9aPBxsWT

OBS Tutorials for Open Broadcaster Software Video Production and Live Streaming!
https://www.youtube.com/playlist?list=PLwjXVhbTO15O7o9gMoNJOTI6nMZD-8okA

YouTube Tips and Tricks for Growing Your Channel in 2020 with Jerry Banfield!
https://www.youtube.com/playlist?list=PLwjXVhbTO15MmiHSATfWQBicVhQWKX0JA

LIVE NOTIFICATIONS?
https://www.youtube.com/jerrybanfield
https://www.facebook.com/jbanfield/
https://www.twitch.tv/jerrybanfield/

CONTACT?
https://jerrybanfield.com/contact/

RECOMMENDED TOOLS!
https://jerrybanfield.com/resources/

COURSES?
https://uthena.com/

Thank you very much to Online Affiliate Studio - Stephen Dillard, JP, Steve Sweeney, MOONTHEIN LISCOMB, David Gilmore, Essetino Artists for being a member of the channel via https://www.youtube.com/jerrybanfield/join

Love,
Jerry Banfield in Saint Petersburg, Florida
https://jerrybanfield.com #jerrybanfield #jerrybanfieldshow
youtube@jerrybanfield.com",PT32M6S,72306,1167,241
AA Speaker - Jerry Banfield - Funny! 7 Years Sober inAlcoholics Anonymous!,Jerry Banfield,2021-06-19T14:00:03Z,"You will find the story of my first seven years staying sober in Alcoholics Anonymous helpful for your journey in sobriety during my real AA open speaker meeting video here!  See all my other AA videos at https://www.youtube.com/playlist?list=PLwjXVhbTO15O65nlA3EPefcznEizIAXTE

Bio: I am a spiritual teacher and pro gamer streaming live daily on Facebook at https://www.facebook.com/jbanfield/ or Twitch at https://www.twitch.tv/jerrybanfield/ with 7 years sober, a wife, and two children. See my life story in 10 minutes at https://jerrybanfield.com/

LET'S STAY TOGETHER!
https://www.youtube.com/JerryBanfield?sub_confirmation=1

WATCH THESE VIDEOS NEXT!

Who is Jerry Banfield?
https://www.youtube.com/playlist?list=PLwjXVhbTO15NeSYVBuYfYnMt_LzZeuhB1

Daily Inspiration with Jerry Banfield!
https://www.youtube.com/playlist?list=PLwjXVhbTO15PjQxGVNF2ZJozCn_iFuEaj

Shorts with Jerry Banfield!
https://www.youtube.com/watch?v=7LLIH4yOU_w&list=UUSHtJpm41R6jC3HuboTIkn7ew

Call of Duty Warzone Wins and Tutorials with Jerry Banfield!
https://www.youtube.com/playlist?list=PLwjXVhbTO15Pv9n0jXyGIjztC3hRynhRL

New Game First Plays with Jerry Banfield!
https://www.youtube.com/playlist?list=PLwjXVhbTO15PhlNlyFipwkbKiUFj938An

How to Live Stream Like Jerry Banfield!
https://www.youtube.com/playlist?list=PLwjXVhbTO15O86xo5RQPhgoaGTdM3pnqd

My Favorite Videos!
https://www.youtube.com/playlist?list=PLwjXVhbTO15MfVeB3EtbFWVdaxIST-CIT

Alcoholics Anonymous for Beginners with Jerry Banfield!
https://www.youtube.com/playlist?list=PLwjXVhbTO15O65nlA3EPefcznEizIAXTE

Love and Relationships with Jerry Banfield!
https://www.youtube.com/playlist?list=PLAEFABFBD121D1EB7

Reading List and Book Summaries with Jerry Banfield!
https://www.youtube.com/playlist?list=PLwjXVhbTO15PQ11_n7kPLpv1b_0ii8Vcf

Love,
Jerry Banfield in Saint Petersburg, Florida
https://jerrybanfield.com
#jerrybanfield #jerrybanfieldshow
youtube@jerrybanfield.com",PT54M14S,7591,182,36
An inside View of AA,Anonymous Alcoholic,2018-02-09T16:47:48Z,"An inside View of Alcoholics Anonymous for HM Prison Officers.
This Video may not be available in your country due to copyright reasons.The new contact details for AA in Great Britain are PO Box 1, 10 Toft Green, York YO1 7NJ. Tel. 01904 644026 
This replaces the address shown at the end of this video",PT17M21S,32121,156,35
BILL W. A Documentary About co-founder of A.A,Leslie Miller,2016-08-25T10:44:59Z,"William G. Wilson is co-founder of Alcoholics Anonymous, a man included in TIME Magazine's ""100 Persons of the 20th Century."" Interviews, recreations, and rare archival material reveal how Bill Wilson, a hopeless drunk near death from his alcoholism, found a way out of his own addiction and then forged a path for countless others to follow. With Bill as its driving force, A.A. grew from a handful of men to a worldwide fellowship of over 2 million men and women - a success that made him an icon within A.A.. A reluctant hero, Bill Wilson lived a life of sacrifice and service, and left a legacy that continues every day, all around the world.",PT1H43M13S,54302,727,85
Do You Need A Sponsor in Alcoholics Anonymous?,David M Recovery,2021-01-27T01:45:11Z,"Do you need a sponsor in recovery?
Do you need a sponsor in AA?
Do you need a sponsor to quit drinking?
Do you need a sponsor to stay sober?

The original 164 pages of recovery fround in the Big Book of Alcoholics Anonymous never mention the word sponsor.

I have nothing against good sponsorship. Beware...not all sponsors are good.

I am not a: medical professional, therapist, counselor.
Do not replace advice from your doctor, therapist, counselor, etc. with my suggestions",PT6M37S,8142,234,108
The Alcoholics Anonymous Cult & Addiction,Apologia Studios,2022-01-06T22:20:08Z,"Join us for the newest Apologia Radio in which we engage with the Bible, addiction, and Alcoholics Anonymous. Is AA biblical? Listen and find out.

Be sure to like, share, and comment on this video. 

You can get more at http://apologiastudios.com : 
You can partner with us by signing up for All Access. When you do you make everything we do possible and you also get our TV show, After Show, and Apologia Academy, etc. You can also sign up for a free acount to recieve access to Bahnsen U.  We are re-mastering all the audio and video from the Greg L. Bahnsen PH.D catalogue of resources.  This is a seminary education at the highest level for free. 
#ApologiaStudios

Follow us on social media here:

Facebook: https://www.facebook.com/ApologiaStudios/

Instagram: https://www.instagram.com/apologiastudios/?hl=en",PT1H14M7S,35504,1361,611
Leaving AA /alcoholics anonymous -freedom from Cult thinking and controlling sponsors.,Monica Richardson,2021-10-21T01:25:57Z,"Short video about Leaving AA, deprogramming from AA ideology  by filmmaker, activist  Monica Richardson. Books to read The Greatest Secret in the World by Og Mandino, You've Been Lied to by Hank Hayes, The Sober Truth by Lance Dodes, Take Control Now by Dr Marc Kern P.h.D.",PT14M38S,2375,100,74
Adam T. - AA Speaker - Hilarious Recovery Share! NEW 2013,Odomtology 12-Step Recovery Media,2013-12-02T22:10:12Z,"Get ready for an AWESOME message delivered in an entertaining way!  I love how Adam relates his story and his journey to recovery.  This tape is full of laughs, but carries a strong message of hope and inspiration for us all! Sit back, relax, and enjoy! :)

From the book Alcoholics Anonymous: ""In spite of the great increase in the size and span of this Fellowship, at its core it remains simple and personal. Each day, somewhere in the world, recovery begins when one alcoholic talks with another alcoholic, sharing experience, strength, and hope.""

What is the Twelve Step Model? How is it a ""treatment for alcoholism"" or ""alcohol abuse?""

From Wikipedia: ""A twelve-step program is a set of guiding principles (accepted by members as 'spiritual principles,' based on the approved literature) outlining a course of action for recovery from addiction, compulsion, or other behavioral problems. Originally proposed by Alcoholics Anonymous (AA) as a method of recovery from alcoholism, the Twelve Steps were first published in the book Alcoholics Anonymous: The Story of How More Than One Hundred Men Have Recovered from Alcoholism in 1939. The method was then adapted and became the foundation of other twelve-step programs. Twelve-step methods have been adopted to address a wide range of substance-abuse and dependency problems.""

You can find out more at: http://www.aa.org - Alcoholics Anonymous Official Site (And as should be blatantly obvious, we are in no way affiliated with them or any other 12 step program.  We are just looking to provide hope to those suffering from alcoholism or addiction.)

""Addiction treatment"" WORKS! There is addiction help out there and ""addiction recovery"" is possible.  If you are battling ""alcohol addiction"" there are people who know EXACTLY what it is like!  

It is important to note there are several ways for one to address his or her ""alcohol abuse treatment.""  ""Substance abuse"" is a very serious condition.  Many need inpatient stays or counseling.  The importance and purpose of this video, and all our other videos, is to show that recovery IS possible and to give hope to those who are struggling with substance abuse issues.  Help IS out there! :)

From the Big Book of Alcoholics Anonymous: ""Abandon yourself to God as you understand God. Admit your faults to Him and to your fellows. Clear away the wreckage of your past. Give freely of what you find and join us. We shall be with you in the Fellowship of the Spirit, and you will surely meet some of us as you trudge the Road of Happy Destiny.""

Follow us on social media at:

Twitter- http://www.twitter.com/odomtology
Facebook- http://www.facebook.com/odomtology
Pinterest- http://www.pinterest.com/odomtology

Please share with anyone, anywhere at anytime! We listen to every speaker tape ourselves and can guarantee that it is QUALITY recovery material! :)

Namaste, friends :)

For more AA speakers, check out our channel's homepage- http://www.youtube.com/odomtologybooks",PT1H9M22S,1129384,10722,815
AA 12 Steps | Alcoholics Anonymous | AA Meetings,Soberdelic James,2019-11-28T02:11:52Z,"The AA 12 Steps, Alcoholics Anonymous, and AA Meetings.

SJ 24/7 Chat, Zoom, and more: https://www.patreon.com/soberjames
SJ Merch!: https://soberjames.com/shop
SJ FaceBook Page: https://www.facebook.com/groups/SJWIT/
AA: https://www.aa.org/
NA: https://www.na.org/
AA Meeting Guide App: https://www.aa.org/pages/en_US/meeting-guide

Show SJ Support: https://www.paypal.me/thanksoberjames

#AA12steps #addictionrecovery #soberjames
AA 12 Steps: https://www.aa.org/assets/en_US/smf-121_en.pdf
Step 12.com: https://step12.com/the-12-steps.html
4th Step Instructions and Notes: https://step12.com/aa-files/4th-step-instructions-x.pdf
9 Best alcoholics anonymous apps for Android & iOS: https://freeappsforme.com/alcoholics-anonymous-apps/#aa-app-8211-12-steps-alcoholics

12 and 12 Book:  https://amzn.to/2JiVjQ0
Living Sober Booklet: https://amzn.to/31X8k86

                    Products and Resources from the Videos:

‚ñ∂ Check out my gear on Kit: https://kit.com/Thencamejames

Famous AA Speakers: https://amzn.to/2DTf2SZ
Echo Smart Speaker(Alexa): https://amzn.to/2Y9EBHg
Nutribullet Blender: https://amzn.to/2H3iWdO
TravelPro MaxLite4 luggage: https://amzn.to/2Lq5mWt
SKG Slow Masticating Juicer: https://amzn.to/2H2nxf4
Huel Starter Kit: https://amzn.to/2JgLrq5
JYM Protein PRO 2lb:  https://amzn.to/2VLqkCY
Agmatine Sulfate Powder (250 grams): https://amzn.to/2PQwn3U

""Go Ahead Call the Cops"" tee: https://amzn.to/2H3vfXS
""Every Zoo is a Petting zoo"" tee: https://amzn.to/2Y8U1eU
""Only Love my Bed and Momma"" tee: https://amzn.to/2H5Ghff

My Sobriety Story Video: https://youtu.be/sFSYJG2fCAg

AA: https://www.aa.org/
NA: https://www.na.org/
FAVOR: https://facesandvoicesofrecovery.org/about/mission-history.html
Celebrate Recovery: https://www.celebraterecovery.com/
 
420 INVESTOR:  http://www.marketfy.com/explore/?a_aid=420Investor

                       
                                 --- SOBER JAMES' GEAR ---

---Camera---
Sony a7R III 42.4MP Full-frame Mirrorless Interchangeable Lens Camera: https://amzn.to/2DP3vUA

---Lens---
Sigma 16mm f/1.4 DC DN Contemporary Lens for Sony E: 
  https://amzn.to/2Y7Tbio

---Microphone--- 
Rode VideoMic GO Lightweight On-Camera Mic BUNDLE w/Rycote Mini Windjammer: https://amzn.to/2H3dRlN

---Tripod---
JOBY GorillaPod 5K Kit. Professional Tripod 5K Stand and Ballhead 5K for DSLR Cameras or Mirrorless Camera with Lens up to 5K (11lbs). Black/Charcoal: https://amzn.to/2H58X7Z

---Gear Bag---
Case Logic SLRC-206 SLR Camera and 15.4-Inch Laptop Backpack (Black): https://amzn.to/2VDSKyT

Like and share please, this helps the channel grow and be available to more people. Thanks!

I would love your feedback, comments, suggestions...scroll all the way down to comment!

Your subscriptions are encouraged and encouraging, subscribe above!

The Amazon links are affiliate links. I make a small fee at no cost to you, if you purchase an item after visiting these links. This helps support my channel so I can continue to create content.
 
AA 12 Steps | Alcoholics Anonymous | AA Meetings 
In this video I'll be briefly listing  the AA 12 Steps and providing links and references for  AA Meetings, as well as talking about getting an AA Sponsor. Alcoholics Anonymous meetings and the 12 steps have been a ""go to"" for sobriety and recovery since the 1930's. An AA meeting is kind of like a support group, with everybody there sharing the same goal and common enemy: Alcoholism. AA Sponsorship is the foundation of decades of recovery.
 Alcoholics anonymous meetings aren't always about the 12 steps, although there are twelve step meetings. AA meeting topics often touch on subjests like: how to get an AA sponsor, AA sponsorship myths, what to expect at your first AA meeting, working the 12 steps of alcoholics anonymous, how AA works, or even AA myths and the question ""do AA meetings work?""
I have personal experience with working the 12 steps of AA, and i do my best to share it here on this channel weekly. Check out my AA meeting App video, where I use the App to find AA meetings near me. Alcoholics Anonymous UK doesn't have the App just yet. #soberjames #alcoholism #addictionrecovery #relapseprevention Soberdelic James supports the use of psychedelics like shrooms and cannabis in addiction recovery.",PT16M36S,41533,938,284
Alcoholics Anonymous (A.A Celebs Sharings) - Joe Rogan [Alcoholism Recovery Story],Quit Nasha,2021-01-05T22:28:56Z,"Alcoholics Anonymous is a fellowship working internationally to enable members to ‚Äústay sober and help other alcoholics achieve sobriety‚Äù 
For information on getting help, physicians, support groups, and self-help on how to quit addictive substances log onto www.quitnasha.com 

For more information on finding alcoholic anonymous groups in your area please contact local AA websites.

#AA #AlcholicsAnonymous #AAsharings #HindiSharings #AAmeetings #SupportGroup
#QuitNasha",PT7M18S,15653,107,16
Is Alcoholics Anonymous a Cult? ü§ê,Put The Shovel Down,2021-11-30T13:30:06Z,"Before you get involved with Alcoholics Anonymous, watch this video!  Is AA just a cult that tries to brainwash you? What about Narcotics Anonymous, Cocaine Anonymous, etc...?  

0:00 Is Alcoholics Anonymous a Cult?
1:05 Commitment to a leader
2:07 Questioning is discouraged
3:00 Mind-altering activities
3:47 Dictating Leader
5:50 Polarizing Beliefs
6:28 Peer Pressure
7:20 Cutting Ties
7:45 Monetary offerings
8:51 Block outside influences
9:32 The Takeaway

To find an AA meeting near you: https://aa.org/

ADDITIONAL RESOURCES:

üìëAccess our FREE Family Recovery Resources: 
https://www.familyrecoveryacademy.online/free-resources

üìÜTo make an appointment with one of our specialists: https://www.familyrecoveryacademy.online/consultations

INTERVENE WITH AN ADDICTED LOVED ONE: üëá https://www.familyrecoveryacademy.online/invisible-intervention


‚è©Get Access To Our FAST TRACK family recovery programs, visit üëâ https://www.familyrecoveryacademy.online


üë™FREE Family Recovery Support Group on Facebook: 
https://www.facebook.com/groups/familyrecoverysupport

üíåAccess counseling anytime/anywhere through Better Help: (Use this link to get 10% off!)   
https://www.betterhelp.com/PutTheShovelDown  
(**Better Help is a sponsor of Put The Shovel Down. Using Better Help counseling services helps support our channel!**) 

 
üìöRecommended Books:
https://www.amazon.com/shop/addictionrecoveryresources-hopeforfamilies


SUPPORT THIS CHANNEL: üîäüì£This channel is sponsored by Hope For Families Recovery Center.  We believe RECOVERY IS CONTAGIOUS, and it's our mission to spread recovery faster than addiction is spreading.

If you find our videos helpful there are several  WAYS YOU CAN HELP SUPPORT OUR MISSION:

1.  LIKES AND COMMENTS let google know that people find value in our videos, which triggers Google to show our videos to more people. This helps tremendously! 

2. SHARING our videos is one of the fastest ways to help us spread the message of family recovery.  We're always getting comments from people saying they wished they'd found us sooner.  Help us get our message to the people who need it by sharing the videos you find most helpful! 

3. There is a little button underneath every video that says ""Thanks"".  This button will allow you to give a small donation and to show your appreciation for any video you find particularly helpful. 

4.  If you'd like to help financially SUPPORT THIS CHANNEL, you can use this link to MAKE A DONATION through PayPal:  https://www.paypal.com/paypalme/hopeforfamilies540  



5.  Anytime you PURCHASE A RECOMMENDED BOOK (or other resources) using our amazon affiliate link, Hope For Families receives a small commission from Amazon.  (But don't worry, it won't affect the price you pay!) https://www.amazon.com/shop/addictionrecoveryresources-hopeforfamilies


*100% of all donations go to help cover the cost of producing videos and adding to our library of FREE online recovery resources that are available to anyone/everyone who may need the information.",PT10M32S,4102,87,111
Sensibly Speaking Podcast #83: Is Alcoholics Anonymous a Destructive Cult?,"Chris Shelton, MSc",2017-04-01T06:00:06Z,"This week I'm joined by Jon Stewart, a former member of AA and someone with a great deal of experience discussing the pros and cons of the program, how it runs and how it shares certain characteristics with destructive cults and yet...is it destructive itself? We talk about this in detail in this episode. Links to everything we mentioned in the episode are on the Sensibly Speaking website.

Please comment away and let me know your feedback or if you have any questions or comments you'd like me to address on air.

CRITICAL MERCHANDISE IS AVAILABLE NOW!
http://shop.spreadshirt.com/chrisshelton

FOLLOW ME ON TWITTER:
@SensibleSpeaker

The Sensibly Speaking Podcast website:
http://sensiblyspeaking.com

YOUR SUPPORT IS WHAT KEEPS THIS CHANNEL GOING!
Patreon: http://patreon.com/chrisshelton

You can also use the blue support button on my channel's home page or the PayPal link to provide a one-time support. Thank you very much!!!",PT1H1M32S,15796,430,254
Funny AA Speaker - Mark L. - Alcoholics Anonymous - AA Speaker,AA Speakers and More,2014-09-29T16:30:48Z,"Website - http://www.aaspeaker.com 
Instagram - https://www.instagram.com/aaspeakerdotcom/

Mark L. not only carries a hilarious message, but he's one of the funniest AA Speakers of all time!  

For more information about Mark, please visit http://www.marklundholm.com.",PT1H6M5S,98913,997,17
AA Speaker Stevie Ray Vaughan | Alcoholics Anonymous,Soberdelic James,2019-11-05T16:49:53Z,"AA Speaker Stevie Ray Vaughan | Alcoholics Anonymous
SJ 24/7 Chat, Zoom, and more: https://www.patreon.com/soberjames
SJ Merch!: https://soberjames.com/shop
SJ FaceBook Page: https://www.facebook.com/groups/SJWIT/
AA: https://www.aa.org/
NA: https://www.na.org/
AA Meeting Guide App: https://www.aa.org/pages/en_US/meeting-guide

Show SJ Support: https://www.paypal.me/thanksoberjames

#SRV #addictionrecovery #soberjames
                    Products and Resources from the Videos:

‚ñ∂ Check out my gear on Kit: https://kit.com/Thencamejames

Famous AA Speakers: https://amzn.to/2DTf2SZ
Echo Smart Speaker(Alexa): https://amzn.to/2Y9EBHg
Nutribullet Blender: https://amzn.to/2H3iWdO
TravelPro MaxLite4 luggage: https://amzn.to/2Lq5mWt
SKG Slow Masticating Juicer: https://amzn.to/2H2nxf4
Huel Starter Kit: https://amzn.to/2JgLrq5
JYM Protein PRO 2lb:  https://amzn.to/2VLqkCY
Agmatine Sulfate Powder (250 grams): https://amzn.to/2PQwn3U

""Go Ahead Call the Cops"" tee: https://amzn.to/2H3vfXS
""Every Zoo is a Petting zoo"" tee: https://amzn.to/2Y8U1eU
""Only Love my Bed and Momma"" tee: https://amzn.to/2H5Ghff

My Sobriety Story Video: https://youtu.be/sFSYJG2fCAg

AA: https://www.aa.org/
NA: https://www.na.org/
FAVOR: https://facesandvoicesofrecovery.org/about/mission-history.html
Celebrate Recovery: https://www.celebraterecovery.com/
 
420 INVESTOR:  http://www.marketfy.com/explore/?a_aid=420Investor

                       
                                 --- SOBER JAMES' GEAR ---

---Camera---
Sony a7R III 42.4MP Full-frame Mirrorless Interchangeable Lens Camera: https://amzn.to/2DP3vUA

---Lens---
Sigma 16mm f/1.4 DC DN Contemporary Lens for Sony E: 
  https://amzn.to/2Y7Tbio

---Microphone--- 
Rode VideoMic GO Lightweight On-Camera Mic BUNDLE w/Rycote Mini Windjammer: https://amzn.to/2H3dRlN

---Tripod---
JOBY GorillaPod 5K Kit. Professional Tripod 5K Stand and Ballhead 5K for DSLR Cameras or Mirrorless Camera with Lens up to 5K (11lbs). Black/Charcoal: https://amzn.to/2H58X7Z

---Gear Bag---
Case Logic SLRC-206 SLR Camera and 15.4-Inch Laptop Backpack (Black): https://amzn.to/2VDSKyT

Like and share please, this helps the channel grow and be available to more people. Thanks!

I would love your feedback, comments, suggestions...scroll all the way down to comment!

Your subscriptions are encouraged and encouraging, subscribe above!

The Amazon links are affiliate links. I make a small fee at no cost to you, if you purchase an item after visiting these links. This helps support my channel so I can continue to create content.
 
I appreciate celebrity AA speakers. The Alcoholism recovery stories they tell are much like yours and mine. Stevie Ray Vaughan is no exception, in this open speaker meeting of Alcoholics Anonymous  Some people may find this video by searching for Stevie Rey Von, and where aa speakers best bets are sometimes celebrities, Stevie demonstrates incredible humility and honesty. Stevie Ray Vaughan drugs...the two go hand in hand. One of quite a few musicians in recovery, few have spoken freely at an open speaker meeting aa, Stevie Ray Vaughan AA and recordings like these will hopefully help sober musicians, navigate the sometimes harsh weather of sobriety. Stevie Ray Vaughan talks about drugs, Stevie Ray Vaughan drug use,and Stevie Ray Vaughan alcohol. Stevie Ray V AA, Sober singers, alcoholism, how to stop drinking, alcohol use disorder, Sobriety,Sober James, AlcoholMasteryTV, Sober grid, viceland, sober. #soberjames #alcoholism  #aaspeakers #addictionrecovery Soberdelic James supports the use of psychedelics like shrooms and cannabis in addiction recovery.",PT23M21S,57381,1254,297
The Road Back Alcoholics Anonymous Ireland,Alcoholics Anonymous Ireland,2015-07-14T08:46:33Z,The Road Back DVD - produced by the General Service Conference of Alcoholics Anonymous in Ireland.,PT16M51S,12842,101,36
Why It‚Äôs Okay To HATE Alcoholic‚Äôs Anonymous,Stop Drinking Expert,2019-04-05T13:47:55Z,"https://www.stopdrinkingexpert.com

Why It‚Äôs Okay To HATE Alcoholic‚Äôs Anonymous

If you develop a drinking problem, where do you go?

Don't say Alcoholics Anonymous until you read this!

The answer to problem drinking has never been the obvious choice. The initial pioneers turned up with a fantastic desire for bourbon and lots of it. In the early times of the nation, alcohol was among the few drinks that were dependably risk-free from pollution. (It was also less expensive than coffee beans or tea.)

The writer W. J. Rorabaugh has approximated that between the 1770s and 1830s, the typical American citizen over age 15 downed at least 5 gallons of pure alcohol a year, the rough equivalent of 3 shots of hard whiskey a day. Religious eagerness, assisted due to the introduction of communal water-filtration systems, helped arouse the soberness movement, which ended in 1920 with Prohibition. 

That venture stopped after 14 years, but the heavy drinking way of life it cultivated lingers to this day.

AA has become the default solution for problem drinking BUT it was never designed for that.",PT12M25S,23848,778,601
Benefits of Alcoholics Anonymous (AA Meetings),militarypathways,2012-04-03T22:30:43Z,"Learn why attending alcoholics anonymous meetings are helpful for trying to quit drinking. View more information, or take an alcohol screening test at http://www.militarymentalhealth.org/resources/related_articles.aspx",PT1M18S,3209,8,15
AA Speaker Joan R. - The African American Experience In Alcoholics Anonymous,AA Speakers,2019-10-12T02:07:00Z,"Listen to 10,000 Recovery Speakers Here:
http://recoveryspeakerlibrary.com
HIGHLY RECOMMENDED!!

Over 10,000 Alcoholics Anonymous (and other fellowships) speakers for listening online
or downloading to use as you like. A true treasure trove of recovery speakers from old timers
to more contemporary speakers. Lots of great history here!

Get Recovery CD's Here:
https://ebay.to/2Suio5C

Or On Amazon Here:
https://amzn.to/33rTIRO

PLEASE SUBSCRIBE - It Helps Carry The Message

AA Speaker Joan R. - The African American Experience In Alcoholics Anonymous

Please enjoy this recording, and the experience, strength and hope it contains!

Welcome to our recovery speakers channel! We are not affiliated with any of the 12 step programs or speakers we feature on the channel. Our only goal is to carry the message of recovery and highlight some important historical and classic recovery talks. We feature speakers associated with Alcoholics Anonymous (AA), Narcotics Anonymous (NA), and the Al-Anon Family Group. If you have a favorite speaker (modern or vintage) you'd like us to add to the channel please feel free to submit it to us via email at: pmason2765@gmail.com

To Help carry the message please subscribe to the channel and keep coming back !!!

AA SPEAKER FULL CHANNEL: https://www.youtube.com/channel/UCWj7O2SeVW-jGCVr5_kxLKw

Central Office Links: 
Alcoholics Anonymous: https://www.aa.org
Narcotics Anonymous: https://www.na.org
Al-Anon: https://al-anon.org

Please be aware that recovery speakers only share their own personal experience, strength and hope. The do not speak for their fellowship, and the fellowship does not necessarily endorse their views in any way.

TAGS:
Joan R., african american, recovery story, AA, famous aa speaker, alcoholics anonymous, Alcoholics Anonymous speaker, alcoholics anonymous tapes, aa speaker tapes, aa speakers, Alcoholics Anonymous History, big book, Alcoholism, aa tapes, aa speakers, alcohol addiction, addiction recovery videos, addiction recovery stories, alcohol addiction story, alcohol addiction recovery, aa speaker meeting, alcoholism recovery stories, alcoholism recovery videos, 12 steps of aa,",PT17M16S,780,25,4
"Bob D. - AA Speaker - ""The Traditions of Alcoholics Anonymous"" (Very entertaining!)",Odomtology 12-Step Recovery Media,2013-09-30T18:25:17Z,"This is an AWESOME share by one of my favorite AA speakers, Bob D.   REALLY worth listening to! Bob D. has such an enlightening and entertaining way of explaining the twelve traditions, the tape seems to fly by! Yes, this one is a MUST LISTEN! Enjoy :)

From the book Alcoholics Anonymous: ""In spite of the great increase in the size and span of this Fellowship, at its core it remains simple and personal. Each day, somewhere in the world, recovery begins when one alcoholic talks with another alcoholic, sharing experience, strength, and hope.""

What is the Twelve Step Model? How is it a ""treatment for alcoholism"" or ""alcohol abuse?""

From Wikipedia: ""A twelve-step program is a set of guiding principles (accepted by members as 'spiritual principles,' based on the approved literature) outlining a course of action for recovery from addiction, compulsion, or other behavioral problems. Originally proposed by Alcoholics Anonymous (AA) as a method of recovery from alcoholism, the Twelve Steps were first published in the book Alcoholics Anonymous: The Story of How More Than One Hundred Men Have Recovered from Alcoholism in 1939. The method was then adapted and became the foundation of other twelve-step programs. Twelve-step methods have been adopted to address a wide range of substance-abuse and dependency problems.""

You can find out more at: http://www.aa.org - Alcoholics Anonymous Official Site (And as should be blatantly obvious, we are in no way affiliated with them or any other 12 step program.  We are just looking to provide hope to those suffering from alcoholism or addiction.)

""Addiction treatment"" WORKS! There is addiction help out there and ""addiction recovery"" is possible.  If you are battling ""alcohol addiction"" there are people who know EXACTLY what it is like!  

It is important to note there are several ways for one to address his or her ""alcohol abuse treatment.""  ""Substance abuse"" is a very serious condition.  Many need inpatient stays or counseling.  The importance and purpose of this video, and all our other videos, is to show that recovery IS possible and to give hope to those who are struggling with substance abuse issues.  Help IS out there! :)

From the Big Book of Alcoholics Anonymous: ""Abandon yourself to God as you understand God. Admit your faults to Him and to your fellows. Clear away the wreckage of your past. Give freely of what you find and join us. We shall be with you in the Fellowship of the Spirit, and you will surely meet some of us as you trudge the Road of Happy Destiny.""

Follow us on social media at:

Twitter- http://www.twitter.com/odomtology
Facebook- http://www.facebook.com/odomtology
Pinterest- http://www.pinterest.com/odomtology

Please share with anyone, anywhere at anytime! We listen to every speaker tape ourselves and can guarantee that it is QUALITY recovery material! :)

Namaste, friends :)

Channel Home- http://www.youtube.com/odomtologybooks",PT1H38M41S,70696,581,14
Alcoholics Anonymous AA Big Book Audio Read Aloud Audiobook 12 steps,Sober Beard,2021-07-20T05:37:04Z,"This is the entire Alcoholics Anonymous Big Book Read aloud to help you in your sobriety.  This book really helped me get and stay sober by using it and doing the 12 steps with a sponsor.  My desire and obsession to drink alcohol is now gone and it is my calling to be of service to others that are still struggling in their disease.  If this has helped you in any way, please like and subscribe and say hi in the comments please.  I will try to reply to everyone that has a question or comment",PT5H44M28S,5527,111,11
How I Got Sober | Being an Alcoholic and Addict,FinnTheInfinncible (Finlay Games),2019-08-20T12:51:23Z,"I am an alcoholic and addict and this is the story of my recovery from addiction to alcohol and drugs. I began my recovery journey in August 2010 with the help of Alcoholics Anonymous. With the help of AA and using the one day at a time approach, I have managed to stay sober and learn to manage my mental health and my daily life.

It is also thanks to AA and to my sobriety, that I came to also realize I was transgender and found the courage to go through gender transition. That one day at a time approach has turned into a life I could have never dreamed possible.

If you are struggling with drinking, please do feel free to message me and to check out the various resources on my website. https://finlaygames.com/resources-tools/

üè≥‚ÄçüåàGET MORE FROM ME!üè≥‚Äçüåà
Subscribe: https://bit.ly/2FuL9K3
FREE newsletter & Exclusives sign up here: http://eepurl.com/dM7Zw2
Visit my website and blog: https://finlaygames.com/
Watch Next: Gender Dysphoria After Lower Surgery https://youtu.be/cGNV8gM175g

‚≠êÔ∏èBECOME A MEMBER ‚≠êÔ∏è 
Via YouTube: http://bit.ly/3b3ZQAw
Via Ko-fi: http://ko-fi.com/finlaygames/tiers
Compare Perks: https://finlaygames.com/memberships-and-donations/

üíú STAY IN TOUCHüíú
‚Ä¢ TWITTER: https://twitter.com/FinlayGames
‚Ä¢ INSTAGRAM: https://www.instagram.com/finntheinfinncible/
‚Ä¢ FACEBOOK (The Finnfam community) : https://www.facebook.com/FinlayGames/

üõí SHOP WITH ME! üõí
‚Ä¢ üìò Buy my book! : https://finlaygames.com/my-books/ 
‚Ä¢ T shirts and stuff:: https://teespring.com/stores/finnspirational-designs
‚Ä¢ Phallo resources (videos, books and guides) : https://ko-fi.com/finlaygames/shop
‚Ä¢ Personalised videos : https://ko-fi.com/finlaygames/shop#buyCommissionModal
‚Ä¢ My Amazon Shop: https://www.amazon.co.uk/shop/finntheinfinncible

‚òïÔ∏èSUPPORT THIS CHANNEL /SAY THANKS!‚òïÔ∏è
‚Ä¢ Buy Me a Coffee: https://ko-fi.com/finlaygames
‚Ä¢ My Amazon Wishlist: https://amzn.to/3ybEBZK

üòéABOUT ME üòé
Hello, I'm Finn, and welcome to my channel! I share first-hand experiences and practical advice on topics of gender transition, LGBTQ+ life, and mental wellbeing, as well as lots of personal updates and day-to-day life. Every video is served with a ton of honesty and a touch of humor! if that sounds like something you'd enjoy then please click subscribe and enable notifications so that you never miss a video! For instant updates, follow me on my social media accounts! Welcome to the FinnFam!

#RecoveryMonth #AddictionRecovery #MentalHealth",PT18M43S,3502,185,95
AA Speaker Johnny H. Tells His Alcoholics Anonymous Story of Recovery. VERY POPULAR SPEAKER!,AA Speakers,2019-10-02T15:59:19Z,"Listen to 10,000 Recovery Speakers Here:
http://recoveryspeakerlibrary.com
HIGHLY RECOMMENDED!!

Over 10,000 Alcoholics Anonymous (and other fellowships) speakers for listening online
or downloading to use as you like. A true treasure trove of recovery speakers from old timers
to more contemporary speakers. Lots of great history here!

Get Recovery CD's Here:
https://ebay.to/2Suio5C

Or On Amazon Here:
https://amzn.to/33rTIRO

PLEASE SUBSCRIBE - It Helps Carry The Message

AA Speaker Johnny H. Tells His Alcoholics Anonymous Story of Recovery. VERY POPULAR SPEAKER!

Please enjoy this recording, and the experience, strength, and hope it contains!

Welcome to our recovery speakers channel! We are not affiliated with any of the 12 step programs or speakers we feature on the channel. Our only goal is to carry the message of recovery and highlight some important historical and classic recovery talks. We feature speakers associated with Alcoholics Anonymous (AA), Narcotics Anonymous (NA), and the Al-Anon Family Group. If you have a favorite speaker (modern or vintage) you'd like us to add to the channel please feel free to submit it to us via email at: pmason2765@gmail.com

To Help carry the message please subscribe to the channel and keep coming back !!!

AA SPEAKER FULL CHANNEL: https://www.youtube.com/channel/UCWj7O2SeVW-jGCVr5_kxLKw

RECOVERY LINKS OF INTEREST

AA Recovery Books (Big Book Etc.): https://amzn.to/2LR36V9
General Recovery Books: https://amzn.to/30kpJ9E
Very Nice Recovery Gifts: https://amzn.to/302euXk
Nice Selection of Recovery Birthday Coins: https://amzn.to/2O1eIaL
Recovery Speaker CD's: https://amzn.to/2NXLUzX
12 and 12 Book: https://amzn.to/2LR36V9

Central Office Links: 
Alcoholics Anonymous: https://www.aa.org
Narcotics Anonymous: https://www.na.org
Al-Anon: https://al-anon.org

Please be aware that recovery speakers only share their own personal experience, strength and hope. The do not speak for their fellowship, and the fellowship does not necessarily endorse their views in any way.

TAGS:
Johnny Harris, Johnny H., Johnny H. AA, famous aa speaker, alcoholics anonymous, AA, alcoholics anonymous speakers, aa speaker, recovery speaker, aa, big book, 12 steps, aa co-founder, alcoholics anonymous tapes, aa speaker tapes, aa speakers, Alcoholics Anonymous History, big book, Alcoholism, aa tapes, aa speakers,",PT57M22S,14931,179,12
"Alcoholics Anonymous, Howard P., Prayer & Meditation",recoveryspeakers.com,2014-10-09T12:07:11Z,"RecoverySpeakers.com ~ Howard P. of Gilbert, Arizona talks on Prayer & Meditation and the role they play in addiction recovery.  Howard has been sober 42 years.  He is very active in AA and is a much sought after speaker in the recovery community throughout the country. Visit RecoverySpeakers.com for more free talks.",PT1H37S,20139,193,7
12 Steps & 12 Traditions of AA read out loud CD1,Sober Servant of Praise,2021-06-06T14:54:56Z,"This CD has the preface through step 4 on it. Step 1 begins at 8:46, Step 2 at 16:40",PT1H17M53S,23932,432,37
